category,title_en,title_zh,description_en,description_zh,course_requirement,student_persona,level_of_detail
Biology,Topic: Chemistry of Life - Structure of water and hydrogen bonding,主題：生命化學 - 水的結構與氫鍵,"The student is a university-level learner with a keen interest in biological sciences, driven by a motivation to enhance their research papers. Having previously studied general biology and introductory chemistry, they possess a foundational understanding of cellular structures and basic chemical principles. This background includes familiarity with molecular interactions and the role of water in biological systems, which serves as a stepping stone for delving into the more intricate details of hydrogen bonding and the unique properties of water. The urgency in their timeline suggests that the student is likely working on a research project or paper that necessitates a deeper understanding of water's chemical characteristics and its biological significance. By taking this course, the student aims to acquire a comprehensive grasp of the chemistry of life, particularly the hydrogen bonding properties of water, to effectively integrate this knowledge into their academic work. Ultimately, they hope to enhance the scientific rigor of their research papers, making their arguments more robust and evidence-based.",這位學生是一名大學階段的學習者，對生物科學有著濃厚的興趣，並且渴望提升其研究論文的質量。此前，他們學習過普通生物學和基礎化學，擁有細胞結構和基本化學原理的基礎知識。這些背景知識包括對分子相互作用以及水在生物系統中作用的熟悉，這為深入研究氫鍵和水的獨特性質提供了基礎。從他們緊迫的時間表來看，這位學生很可能正在進行一個需要深入了解水的化學特性及其生物學意義的研究項目或論文。通過參加這門課程，學生希望全面掌握生命化學，特別是水的氫鍵特性，以便有效地將這些知識融入到他們的學術工作中。最終，他們希望增強其研究論文的科學嚴謹性，使其論點更加有力且有據可依。,Topic: Chemistry of Life - Structure of water and hydrogen bonding,Education Level: University | Learning Motivation: Research papers | Timeline Urgency: Urgent,knowledge point
Biology,Topic: Chemistry of Life - Structure of water and hydrogen bonding,主題：生命化學 - 水的結構與氫鍵,"The student is an inquisitive learner with a keen interest in the intersection of biology and chemistry, particularly in understanding how fundamental chemical principles underpin biological processes. This student has likely completed introductory courses in both biology and chemistry, enabling them to grasp basic concepts such as atomic structure, molecular interactions, and the periodic table—essential prerequisites for delving into the chemistry of life. Their academic journey has fostered a preference for intuition-driven explanations, often seeking to connect conceptual understanding with practical applications. Motivated by the desire to contribute to research papers, they are eager to deepen their comprehension of water's molecular structure and the role of hydrogen bonding in biological systems. With a medium focus level and a relaxed timeline, the student is not rushed but rather intent on thoroughly applying their knowledge to real-world scenarios. Through this course, they aim to acquire a nuanced understanding of how molecular interactions influence biological functions, ultimately enhancing their ability to engage with and contribute to scientific literature.",這位學生是一位充滿好奇心的學習者，對生物學和化學的交叉領域有著濃厚的興趣，特別是理解基本的化學原理如何支撐生物過程。這名學生可能已經完成了生物學和化學的入門課程，使他們能夠掌握基本概念，如原子結構、分子互動和元素週期表——這些都是深入研究生命化學的必要前提。他們的學術旅程培養了對直覺驅動解釋的偏好，經常尋求將概念理解與實際應用相結合。受到對撰寫研究論文的貢獻欲望的激勵，他們渴望加深對水的分子結構和氫鍵在生物系統中作用的理解。學生的專注程度中等，時間安排較為寬鬆，並不急於求成，而是專注於將所學知識徹底應用於現實情境。通過這門課程，他們希望獲得對分子互動如何影響生物功能的細緻理解，最終提升他們參與和貢獻科學文獻的能力。,Topic: Chemistry of Life - Structure of water and hydrogen bonding,Preferred Explanation Style: Intuition | Learning Motivation: Research papers | Focus Level: Medium | Timeline Urgency: Relaxed | Depth Preference: Application-first,knowledge point
Biology,Topic: Chemistry of Life - Structure of water and hydrogen bonding,主題：生命化學 - 水的結構與氫鍵,"The student is an enthusiastic learner with a keen interest in biological sciences, motivated primarily by the opportunity to apply their knowledge to hands-on projects. With a medium learning pace, the student finds themselves particularly drawn to the practical aspects of science, where they can see theories come to life. Despite having a low focus level, which sometimes leads to challenges in maintaining long study sessions, the student excels when engaged in active, project-based learning environments. Their background includes a fundamental understanding of basic chemistry and biology concepts, likely acquired through previous coursework or self-directed study, providing them with a solid foundation in the basics of atomic structure, chemical reactions, and cellular biology.  Entering this course on the ""Chemistry of Life: Structure of Water and Hydrogen Bonding,"" the student aims to deepen their understanding of these critical biological concepts, which are essential for comprehending more complex biochemical processes. They already possess a rudimentary grasp of molecular interactions and the importance of water in biological systems. However, they are eager to explore the intricacies of hydrogen bonding and the unique properties of water at a molecular level. The student hopes to leverage this knowledge in future biology projects, enhancing their ability to analyze how these molecular interactions underpin life processes. By the end of the course, they aspire to confidently apply these concepts in experimental settings, thus further solidifying their passion for biology through tangible, real-world applications.",這位學生是一位熱情的學習者，對生物科學有著濃厚的興趣，主要受到能夠將知識應用於實際項目的機會所激勵。學生的學習速度中等，特別被科學的實踐方面所吸引，因為在這裡他們可以看到理論變成現實。儘管專注力較低，有時會導致難以維持長時間的學習，但在積極的、以項目為基礎的學習環境中，學生表現出色。他們的背景包括對基礎化學和生物學概念的基本理解，這可能是通過先前的課程或自學獲得的，為他們在原子結構、化學反應和細胞生物學的基礎知識提供了堅實的基礎。  進入這門關於“生命的化學：水的結構和氫鍵”的課程，學生旨在加深對這些關鍵生物概念的理解，這對於理解更複雜的生化過程至關重要。他們已經具備了對分子相互作用和水在生物系統中重要性的初步理解。然而，他們渴望探索氫鍵的複雜性以及水在分子層面的獨特性質。學生希望在未來的生物學項目中利用這些知識，增強他們分析這些分子相互作用如何支撐生命過程的能力。到課程結束時，他們希望能夠自信地在實驗環境中應用這些概念，從而通過切實的、現實世界的應用進一步鞏固他們對生物學的熱情。,Topic: Chemistry of Life - Structure of water and hydrogen bonding,Learning Pace: Medium | Learning Motivation: Projects | Focus Level: Low,knowledge point
Biology,Topic: Gene Expression and Regulation - DNA and RNA structure,主題：基因表現與調節 - DNA 與 RNA 結構,"The student is an enthusiastic elementary school learner, driven by the desire to excel in upcoming exams and build a solid foundation in biological sciences. With a budding interest in how living organisms function at a molecular level, the student is eager to explore the intricacies of gene expression and regulation, as well as the fundamental structures of DNA and RNA. Having already grasped the basics of cell biology, such as understanding cell components and their functions, this student is well-prepared to delve into more complex topics like genetic material.   The student has a rudimentary understanding of the role DNA plays in heredity and is familiar with basic scientific concepts like atoms and molecules, which will aid in comprehending the chemical structure of nucleic acids. Through this course, the student hopes to gain a clearer understanding of how genetic instructions are translated into proteins that determine traits in living organisms. By the end of the course, the student aspires to confidently explain the processes of transcription and translation, and demonstrate a deeper appreciation for the molecular machinery that governs life.",這位學生是一名充滿熱情的小學學習者，受到在即將到來的考試中取得優異成績並在生物科學領域打下堅實基礎的願望所驅動。對於生物體在分子層面的運作方式有著萌芽的興趣，這位學生渴望探索基因表達和調控的複雜性，以及DNA和RNA的基本結構。已經掌握了細胞生物學的基礎知識，例如了解細胞組成部分及其功能，這位學生已經準備好深入研究更複雜的主題，如遺傳物質。  這位學生對DNA在遺傳中的作用有初步的了解，並熟悉諸如原子和分子等基本科學概念，這將有助於理解核酸的化學結構。通過這門課程，學生希望更清楚地了解遺傳指令如何轉化為決定生物體特徵的蛋白質。在課程結束時，學生希望能自信地解釋轉錄和翻譯的過程，並展示對支配生命的分子機制的更深刻理解。,Topic: Gene Expression and Regulation - DNA and RNA structure,Education Level: Elementary school | Learning Motivation: Exams | Timeline Urgency: Normal,knowledge point
Biology,Topic: Gene Expression and Regulation - DNA and RNA structure,主題：基因表現與調節 - DNA 與 RNA 結構,"This student is a working professional transitioning into a field where understanding the fundamental concepts of biology, specifically gene expression and regulation, is crucial. Despite lacking a formal background in biology, they are driven by an urgent need to grasp these concepts, likely due to immediate career demands or a shift in job responsibilities. Their previous education may have included basic high school biology, which provided a rudimentary understanding of DNA and RNA, but they now recognize the necessity to deepen this knowledge to operate effectively in their new role.  The student approaches learning with an intuitive mindset, preferring explanations that allow them to connect concepts to real-world applications. Although their focus level is low, the pressing timeline compels them to find efficient learning strategies that accommodate their need for quick comprehension. They aim to develop a solid foundation in the structure and function of DNA and RNA, enabling them to understand how genes are expressed and regulated within cells. By mastering these topics, the student hopes to confidently engage in discussions and tasks that require an understanding of genetic mechanisms, thereby enhancing their professional competency and contributing more effectively to their field.",這位學生是一名在職專業人士，正在轉換到一個需要理解生物學基本概念的領域，特別是基因表達和調控。儘管他們缺乏正式的生物學背景，但由於職業需求或工作職責的變化，他們迫切需要掌握這些概念。他們之前的教育可能包括了基本的高中生物學，這提供了對DNA和RNA的初步理解，但他們現在意識到有必要加深這方面的知識，以便在新的角色中有效運作。  這位學生以直覺的心態來學習，偏好能將概念與現實應用相連的解釋。儘管他們的專注程度較低，但緊迫的時間線迫使他們尋找高效的學習策略，以滿足快速理解的需求。他們的目標是建立一個關於DNA和RNA結構與功能的堅實基礎，使他們能夠理解基因如何在細胞內表達和調控。通過掌握這些主題，學生希望能自信地參與需要理解遺傳機制的討論和任務，從而提升他們的專業能力，並更有效地為其領域做出貢獻。,Topic: Gene Expression and Regulation - DNA and RNA structure,Education Level: Working professional without relevant background | Preferred Explanation Style: Intuition | Focus Level: Low | Timeline Urgency: Urgent,knowledge point
Biology,Topic: Gene Expression and Regulation - DNA and RNA structure,主題：基因表現與調節 - DNA 與 RNA 結構,"This student is an ambitious individual with an urgent need to grasp the intricacies of gene expression and regulation, specifically focusing on DNA and RNA structure. Their educational background suggests a foundational knowledge in biology, likely acquired through previous coursework in general biology, which included introductory genetics. This prerequisite knowledge allows the student to understand basic concepts such as the structure of nucleotides and the central dogma of molecular biology. However, they now seek to deepen their understanding of how genes are expressed and regulated at the molecular level.  Driven by a pressing deadline, perhaps for a project or career advancement, this student is eager to apply theoretical concepts to practical scenarios. They are particularly interested in exploring the mechanisms by which genetic information is transcribed and translated into proteins, and how these processes are controlled within the cell. The student aims to leverage this course to develop a robust understanding of DNA and RNA structures to solve real-world biological problems or enhance their research capabilities. By focusing on application-first learning, they are keen on translating their newfound knowledge into tangible skills that can be utilized in laboratory settings or advanced academic pursuits.",這位學生是一個有抱負的人，急需掌握基因表達和調控的複雜性，特別是專注於DNA和RNA的結構。他們的教育背景顯示出在生物學方面的基礎知識，這可能是通過之前的普通生物學課程獲得的，其中包括遺傳學入門。這些先修知識使學生能夠理解基本概念，如核苷酸的結構和分子生物學的中心法則。然而，他們現在希望深入了解基因在分子層面上是如何表達和調控的。  由於緊迫的截止日期，可能是為了一個項目或職業發展，這位學生渴望將理論概念應用於實際情境。他們特別感興趣的是探索遺傳信息如何轉錄和翻譯成蛋白質的機制，以及這些過程在細胞內是如何被控制的。學生希望利用這門課程來發展對DNA和RNA結構的深刻理解，以解決現實世界的生物學問題或提高他們的研究能力。通過專注於應用為先的學習，他們熱衷於將新獲得的知識轉化為可以在實驗室環境或高等學術研究中使用的實際技能。,Topic: Gene Expression and Regulation - DNA and RNA structure,Timeline Urgency: Urgent | Depth Preference: Application-first,knowledge point
Computer Science,Topic: Selection and Iteration - Iteration,主題：選擇與迭代 - 迭代 (迴圈),"The student is a mid-level learner with a keen intuition for grasping concepts, primarily driven by the necessity to excel in upcoming exams. They are currently navigating the intricacies of computer science, with a specific focus on mastering the principles of iteration. The urgency in their timeline suggests that they are likely preparing for a critical assessment or a deadline-bound project, where understanding iteration is essential. With a medium learning pace, this student values intuitive explanations that allow them to connect abstract ideas with practical applications swiftly.  Their prior educational experiences have equipped them with foundational knowledge in basic programming constructs and selection processes, essential prerequisites for delving into iteration. They are familiar with conditional statements and logical flow, which serve as a solid base for understanding loops and repeated execution in programming. This student aims to achieve a robust comprehension of iteration techniques, such as for-loops and while-loops, and their application in problem-solving. Ultimately, they hope to leverage this understanding to enhance their programming efficiency and optimize code, ensuring they are well-prepared for any related exam questions or practical assignments.",這位學生是一名中等水平的學習者，具有敏銳的直覺來掌握概念，主要是因為即將到來的考試需要他們取得優異成績。他們目前正在探索計算機科學的複雜性，特別專注於掌握迭代的原理。由於時間緊迫，他們可能正在為一項關鍵評估或有期限的專案做準備，而理解迭代對此至關重要。以中等的學習速度，這位學生重視直觀的解釋，這使他們能夠迅速將抽象的想法與實際應用聯繫起來。  他們之前的教育經驗使他們具備了基本的程式設計結構和選擇過程的基礎知識，這些都是深入研究迭代的必要前提。他們熟悉條件語句和邏輯流程，這為理解程式設計中的迴圈和重複執行奠定了堅實的基礎。這位學生的目標是深入理解迭代技術，例如 for 迴圈和 while 迴圈，以及它們在解決問題中的應用。最終，他們希望利用這種理解來提高程式設計效率和優化程式碼，確保他們為任何相關的考試問題或實際作業做好充分準備。,Topic: Selection and Iteration - Iteration,Learning Pace: Medium | Preferred Explanation Style: Intuition | Learning Motivation: Exams | Timeline Urgency: Urgent,knowledge point
Computer Science,Topic: Selection and Iteration - Iteration,主題：選擇與迭代 - 迭代 (迴圈),"The student is a senior high schooler with a moderate learning pace, likely balancing academics with other extracurricular commitments typical of their age. With a keen interest in computer science, the student is eager to deepen their understanding of coding structures, particularly focusing on the concepts of iteration, which are crucial for developing efficient algorithms. They have a foundational knowledge of basic programming, having previously tackled topics like variables, data types, and simple conditional statements. This background equips them with the necessary skills to grasp more complex constructs such as loops and iteration patterns.  The student is drawn to the application-first approach of the course, which aligns with their preference for practical learning and seeing immediate results from their efforts. Through this course, they aim to enhance their problem-solving skills by learning how to implement loops effectively in various programming scenarios. Their goal is to become proficient in using iteration to optimize code, paving the way for advanced studies in computer science or practical applications in tech projects. By mastering these iterative techniques, the student aspires to create more sophisticated programs, ultimately preparing them for future academic challenges or opportunities in technology-driven fields.",這名學生是一位高年級高中生，學習速度中等，可能在學業與其他課外活動之間取得平衡，這在他們這個年齡段是很常見的。學生對計算機科學有濃厚的興趣，渴望加深對編碼結構的理解，特別是專注於迭代的概念，這對於開發高效算法至關重要。他們擁有基本編程的基礎知識，之前已經學習過變量、數據類型和簡單的條件語句等主題。這些背景使他們具備了理解更複雜結構（如循環和迭代模式）所需的技能。  學生被課程的應用優先方法所吸引，這與他們偏好實踐學習並看到努力的即時結果的偏好相符。通過這門課程，他們希望通過學習如何在各種編程場景中有效地實施循環來提高自己的解決問題的能力。他們的目標是熟練掌握使用迭代來優化代碼，為計算機科學的高級研究或技術項目的實際應用鋪平道路。通過掌握這些迭代技術，學生希望創建更複雜的程序，最終為未來的學術挑戰或技術驅動領域的機會做好準備。,Topic: Selection and Iteration - Iteration,Education Level: Senior high school | Learning Pace: Medium | Depth Preference: Application-first,knowledge point
Computer Science,Topic: Selection and Iteration - Iteration,主題：選擇與迭代 - 迭代 (迴圈),"This student is a fast-paced learner with a keen interest in computer science, particularly the foundational principles that govern programming and algorithm design. Driven by a desire to grasp the underlying concepts before diving into applications, the student is eager to explore the topic of iteration in this course. With a solid understanding of basic computer science principles, including selection statements and control structures, the student is well-prepared to tackle the more complex topics of loops and iteration. They have previous experience with programming languages such as Python and Java, where they have applied conditional logic and simple for-loops, providing them with a practical foundation for understanding iterative processes. By delving into this course, the student aims to deepen their comprehension of iteration, enabling them to write more efficient code and solve problems systematically. Ultimately, they hope to leverage this knowledge to enhance their programming skills, making them adept at designing algorithms that can handle repetitive tasks and large datasets with ease.",這位學生是一位學習速度快的學習者，對計算機科學有著濃厚的興趣，特別是那些支配程式設計和演算法設計的基礎原理。受渴望理解基本概念的驅動，這位學生在深入應用之前，熱衷於探索本課程中的迭代主題。憑藉對基本計算機科學原理的扎實理解，包括選擇語句和控制結構，這位學生已做好準備來應對更複雜的迴圈和迭代主題。他們擁有使用 Python 和 Java 等程式語言的經驗，曾應用條件邏輯和簡單的 for 迴圈，這為他們理解迭代過程提供了實際基礎。通過深入學習這門課程，學生旨在加深對迭代的理解，使他們能夠編寫更高效的程式碼並系統地解決問題。最終，他們希望利用這些知識來提升自己的程式設計技能，使他們能夠輕鬆設計出能夠處理重複任務和大型數據集的演算法。,Topic: Selection and Iteration - Iteration,Learning Pace: Fast | Depth Preference: Principles-first,knowledge point
Computer Science,Topic: System Fundamentals - System fundamentals,主題：系統基礎 - 系統基礎,"The student is a fast-paced learner with a strong preference for understanding concepts through detailed derivations. This analytical approach is driven by their motivation to apply knowledge directly to real-world projects, reflecting a practical and hands-on learning style. With a keen interest in computer science, the student is drawn to the ""System Fundamentals"" course to deepen their understanding of how computer systems operate at a foundational level. Although their education level is not specified, their ability to learn quickly suggests a background in technical fields, possibly including some exposure to basic computer science principles and programming.  Prior to enrolling, the student likely possesses a foundational understanding of computer architecture, basic programming skills, and an awareness of operating system concepts, having possibly completed introductory courses or engaged in self-directed study. These skills provide a strong platform for tackling more complex topics within system fundamentals, such as understanding the intricacies of system design and implementation. The student aims to enhance their ability to develop efficient, robust systems that can be applied to innovative projects, ultimately bridging the gap between theoretical knowledge and practical application. By the end of the course, they hope to confidently apply system fundamentals to real-world computing challenges, thereby advancing their project-based learning aspirations.",這位學生是一位學習速度快的學習者，偏好通過詳細推導來理解概念。這種分析性的方法源於他們希望將知識直接應用於現實世界項目的動機，反映出一種實用且動手的學習風格。對計算機科學有濃厚興趣的他們，被「系統基礎」課程所吸引，以加深對計算機系統在基礎層面運作的理解。雖然其教育程度未明確指出，但其快速學習的能力暗示著他們可能具有技術領域的背景，可能包括一些基本計算機科學原理和程式設計的接觸。  在註冊之前，這位學生可能已具備計算機架構的基礎理解、基本的程式設計技能，以及對操作系統概念的認識，可能已完成入門課程或進行自學。這些技能為他們進一步挑戰系統基礎中的更複雜主題提供了堅實的平台，例如理解系統設計和實施的複雜性。學生的目標是提升開發高效、穩健系統的能力，這些系統可以應用於創新項目，最終在理論知識與實際應用之間架起橋樑。到課程結束時，他們希望能自信地將系統基礎應用於現實世界的計算挑戰中，從而推進其基於項目的學習願景。,Topic: System Fundamentals - System fundamentals,Learning Pace: Fast | Preferred Explanation Style: Derivation | Learning Motivation: Projects | Depth Preference: Application-first,knowledge point
Computer Science,Topic: System Fundamentals - System fundamentals,主題：系統基礎 - 系統基礎,"This student approaches learning with a methodical and deliberate pace, valuing comprehension through concrete examples. With a keen interest in academic research, they are motivated by the need to understand the foundational systems that underpin technological advancements, likely to enhance the quality and depth of their research papers. Although their educational background isn't specified, it can be inferred that they possess a basic understanding of computer science, including familiarity with fundamental concepts like binary systems, basic algorithms, and introductory programming skills, as these are typically prerequisites for a course on system fundamentals.  The student is eager to deepen their understanding of how computer systems are structured and how these structures influence both hardware and software operations. Their relaxed timeline allows them to dive deeply into the intricacies of system architectures, data management, and network fundamentals, aiming to build a robust conceptual framework that can support more advanced studies or research pursuits. By the end of the course, the student hopes to not only grasp the technical aspects but also to apply this knowledge in crafting insightful, well-informed research papers that can contribute meaningfully to the academic community.",這位學生以有條理且深思熟慮的步調來學習，重視透過具體例子來理解知識。他對學術研究有濃厚的興趣，並受到理解支撐技術進步的基礎系統的需求所驅動，這可能會提升他研究論文的質量和深度。雖然他的教育背景未明確指出，但可以推測他具備基本的計算機科學知識，包括熟悉二進制系統、基本算法和入門編程技能，因為這些通常是系統基礎課程的先決條件。  這位學生渴望加深對計算機系統結構的理解，以及這些結構如何影響硬體和軟體的運作。他的寬鬆時間表允許他深入研究系統架構、數據管理和網絡基礎的複雜性，旨在建立一個堅實的概念框架，以支持更高階的學習或研究追求。在課程結束時，這位學生希望不僅掌握技術層面，還能將這些知識應用於撰寫有見地且信息豐富的研究論文，為學術界做出有意義的貢獻。,Topic: System Fundamentals - System fundamentals,Learning Pace: Slow | Preferred Explanation Style: Examples | Learning Motivation: Research papers | Timeline Urgency: Relaxed,knowledge point
Computer Science,Topic: System Fundamentals - System fundamentals,主題：系統基礎 - 系統基礎,"The student is a junior high schooler with a strong focus on academic achievement, driven primarily by the desire to excel in exams. With a preference for understanding the derivation of concepts, this student thrives on dissecting complex ideas into their fundamental components. Their educational background has provided them with a solid grounding in basic computational concepts and logical reasoning, skills they've honed through previous coursework in mathematics and introductory computer science topics. As they embark on the System Fundamentals course, they are particularly eager to deepen their understanding of how computer systems operate at a foundational level, bridging the gap between theoretical knowledge and practical application.  This student already possesses a foundational understanding of algorithms and basic programming acquired through earlier studies, which will serve as a crucial asset in grasping the intricate workings of system fundamentals. They are particularly interested in learning how different components of a computer system interact and rely on each other, aiming to apply this knowledge in problem-solving scenarios typical of exam environments. With a high focus level and a relaxed timeline urgency, this student is well-positioned to methodically explore the course material, ensuring a comprehensive understanding that will not only prepare them for upcoming assessments but also lay a robust groundwork for future computer science learning endeavors.",這位學生是一名初中生，對學業成就有著強烈的追求，主要是因為他們渴望在考試中表現優異。這位學生偏好理解概念的推導過程，喜歡將複雜的想法拆解為基本組成部分。他們的教育背景為他們提供了扎實的基礎計算概念和邏輯推理能力，這些技能通過之前的數學課程和計算機科學入門課題得到了磨練。當他們開始學習系統基礎課程時，特別渴望加深對計算機系統如何在基礎層面運作的理解，從而在理論知識和實際應用之間架起橋樑。  這位學生已經具備了通過早期學習獲得的算法和基礎編程的基本理解，這將成為掌握系統基礎複雜運作的重要資產。他們特別感興趣於學習計算機系統的不同組件如何相互作用和依賴，並希望將這些知識應用於典型的考試環境中的問題解決情境。由於專注度高且時間緊迫感不強，這位學生能夠有條不紊地探索課程材料，確保全面的理解，這不僅將為即將到來的評估做好準備，還會為未來的計算機科學學習奠定堅實的基礎。,Topic: System Fundamentals - System fundamentals,Education Level: Junior high school | Preferred Explanation Style: Derivation | Learning Motivation: Exams | Focus Level: High | Timeline Urgency: Relaxed,knowledge point
Computer Science,Topic: Networks - Networks,主題：網路 - 網路,"This student is an elementary school learner with a budding curiosity for the digital world, particularly the intricate web of connections that form computer networks. With a focus level that can waver, this student thrives on intuitive explanations that help them grasp complex concepts by understanding the underlying principles first. Their primary motivation is to perform well in exams, which drives their interest in mastering the foundational aspects of computer networks. Despite their young age, they have a basic understanding of computers, having been introduced to concepts like the internet and simple digital communication tools at school.  Eager to learn more, this student hopes the course will provide them with a clearer comprehension of how devices connect and communicate over networks. They already possess rudimentary knowledge of how devices like tablets and computers can share information, and they are familiar with basic terminology such as ""Wi-Fi"" and ""online."" Through this course, the student aims to deepen their understanding of networks by learning about the principles of connectivity and data transfer, which they believe will not only help them ace their exams but also spark a lifelong interest in computer science.",這位學生是一名小學生，對數位世界充滿初步的好奇心，尤其是形成電腦網絡的複雜連結。雖然專注力有時會波動，但這位學生在直觀的解釋下表現得尤為出色，這些解釋幫助他們先理解基本原理，再掌握複雜概念。他們的主要動力是考試表現良好，這驅使他們對掌握電腦網絡的基礎方面產生興趣。儘管年紀尚小，他們對電腦已有基本的了解，因為在學校已接觸過如互聯網和簡單數位通信工具等概念。  渴望學習更多知識，這位學生希望課程能幫助他們更清楚地理解設備如何在網絡中連接和通信。他們已經具備一些基本知識，知道像平板電腦和電腦這樣的設備如何共享信息，並且熟悉“Wi-Fi”和“在線”等基本術語。通過這門課程，學生希望通過學習連接性和數據傳輸的原理來加深對網絡的理解，他們相信這不僅能幫助他們在考試中取得好成績，還能激發他們對計算機科學的終身興趣。,Topic: Networks - Networks,Education Level: Elementary school | Preferred Explanation Style: Intuition | Learning Motivation: Exams | Focus Level: Low | Depth Preference: Principles-first,knowledge point
Computer Science,Topic: Networks - Networks,主題：網路 - 網路,"The student is a working professional who has spent several years in a non-technical field but is now eager to pivot into the realm of computer science, specifically focusing on networks. With a strong motivation driven by hands-on projects, the student is less interested in theoretical underpinnings and more keen on practical application and real-world problem-solving. Although they lack a formal background in networks, the student possesses a foundational understanding of how computers communicate on a basic level, likely gained from everyday use and self-directed exploration of technology. This intuitive grasp allows them to quickly relate new concepts to familiar experiences.  In enrolling in the Networks course, the student aims to acquire the skills necessary to design and troubleshoot network systems, envisioning a future where they can confidently manage projects that require robust networking solutions. The student is particularly interested in understanding the practical aspects of network configuration, security, and optimization to be able to contribute effectively to collaborative projects at work. By the end of the course, they aspire to have the capability to apply network solutions in real-world scenarios, bridging their current professional expertise with newly acquired technical skills in computer science.",這位學生是一位在職專業人士，曾在非技術領域工作多年，但現在渴望轉向計算機科學領域，特別是專注於網路。由於受到實作專案的強烈動機驅動，這位學生對理論基礎不太感興趣，更熱衷於實際應用和解決現實問題。儘管他們在網路方面缺乏正式背景，但學生擁有電腦基本通訊的基礎理解，這可能是從日常使用和自我探索技術中獲得的。這種直觀的理解使他們能夠快速將新概念與熟悉的經驗聯繫起來。  在報名參加網路課程時，學生的目標是獲得設計和排除網路系統故障所需的技能，並設想未來能夠自信地管理需要強大網路解決方案的專案。學生特別感興趣的是了解網路配置、安全性和優化的實際方面，以便能夠有效地為工作中的協作專案做出貢獻。到課程結束時，他們希望能夠在現實場景中應用網路解決方案，將他們目前的專業專長與新獲得的計算機科學技術技能相結合。,Topic: Networks - Networks,Education Level: Working professional without relevant background | Preferred Explanation Style: Intuition | Learning Motivation: Projects | Depth Preference: Application-first,knowledge point
Computer Science,Topic: Networks - Networks,主題：網路 - 網路,"The student is currently enrolled at a university, where their fascination with the intricacies of computer science guides their academic journey. With a penchant for deep understanding, they thrive on derivations and enjoy dissecting concepts to their foundational elements. This student approaches learning with a methodical pace, ensuring that each concept is fully grasped before moving forward. Their primary motivation is to enhance their ability to contribute to research papers, which suggests a keen interest in academic inquiry and innovation.  In tackling the Networks course, the student aims to delve into the complexities of network architecture, protocols, and data transmission. They are particularly eager to understand the theoretical underpinnings of network systems, which aligns with their preference for derivation-based explanations. The student enters the course with a solid grounding in basic computer science principles, having previously studied topics such as data structures and algorithms. They also possess practical experience with programming languages like Python and Java, which will aid in comprehending network simulations and protocol implementations. Through this course, the student hopes to acquire the expertise necessary to analyze network systems critically and contribute to cutting-edge research in the field.",這位學生目前就讀於一所大學，他們對計算機科學的複雜性充滿了興趣，這引導著他們的學術旅程。憑藉對深入理解的熱愛，他們在推導過程中茁壯成長，並喜歡將概念剖析至其基礎元素。這位學生以有條不紊的步調進行學習，確保在前進之前完全掌握每一個概念。他們的主要動力是提升自己撰寫研究論文的能力，這表明他們對學術探究和創新有濃厚的興趣。  在攻讀網路課程時，這位學生旨在深入研究網路架構、協議和數據傳輸的複雜性。他們特別渴望理解網路系統的理論基礎，這與他們對基於推導的解釋的偏好一致。學生在進入課程時，已經具備了堅實的計算機科學基礎，之前學習過數據結構和算法等主題。他們還擁有使用 Python 和 Java 等編程語言的實踐經驗，這將有助於理解網路模擬和協議實現。通過這門課程，學生希望獲得必要的專業知識，以批判性地分析網路系統，並為該領域的前沿研究做出貢獻。,Topic: Networks - Networks,Education Level: University | Learning Pace: Slow | Preferred Explanation Style: Derivation | Learning Motivation: Research papers,knowledge point
Math,Topic: Limits and Continuity - Definition and properties of limits in various representations,主題：極限與連續性 - 各種表示法中極限的定義與性質,"The student approaches their educational journey with a slow but steady pace, allowing them to deeply internalize concepts through intuitive understanding. Although their specific education level is unspecified, it is clear that they have a foundational knowledge of pre-calculus, including algebraic manipulation and a basic understanding of functions, which are essential prerequisites for tackling limits and continuity in mathematics. With a preference for application-first learning, this student thrives when abstract mathematical principles are connected to real-world scenarios, enabling them to grasp the practical significance of theoretical concepts.  In taking the course on limits and continuity, the student aims to demystify the often challenging concepts of limits by exploring their definitions and properties in various forms, including graphical, numerical, and analytical representations. They hope to achieve a robust understanding of how limits underpin calculus, enhancing their ability to solve complex problems and prepare for more advanced mathematical studies. By engaging with the material through intuitive explanations, the student seeks to build a solid conceptual framework that will support their academic and potentially professional ambitions in fields where mathematical continuity and limits play a critical role.",這位學生以緩慢但穩定的步伐進行其教育旅程，這使他們能夠通過直觀的理解深入內化概念。雖然其具體的教育程度未明，但顯然他們擁有預備微積分的基礎知識，包括代數運算和對函數的基本理解，這些都是解決數學中的極限和連續性問題的必要先決條件。這位學生偏好應用為先的學習方式，當抽象的數學原理與現實世界的情境相聯繫時，他們能夠茁壯成長，從而理解理論概念的實際意義。  在參加極限和連續性課程時，這位學生旨在通過探索極限的定義和性質，以圖形、數值和分析等多種形式，來揭開這些常常具有挑戰性的概念的神秘面紗。他們希望能夠牢固地理解極限如何支撐微積分，增強其解決複雜問題的能力，並為更高階的數學學習做好準備。通過直觀的解釋來參與學習材料，這位學生尋求建立一個堅實的概念框架，以支持其學術上及潛在的職業抱負，尤其是在數學連續性和極限起著關鍵作用的領域中。,Topic: Limits and Continuity - Definition and properties of limits in various representations,Learning Pace: Slow | Preferred Explanation Style: Intuition | Depth Preference: Application-first,knowledge point
Math,Topic: Limits and Continuity - Definition and properties of limits in various representations,主題：極限與連續性 - 各種表示法中極限的定義與性質,"The student is an enthusiastic project-driven learner who thrives on understanding the underlying principles of mathematical concepts through derivation. With an urgent timeline, they are highly motivated to quickly grasp the definition and properties of limits to apply this knowledge in practical, project-based scenarios. This student values logical explanations and is keen on dissecting mathematical theories to understand their fundamental components, which aligns perfectly with their interest in limits and continuity.  Although the student's education level is unspecified, it is evident that they have a foundational understanding of algebra and calculus, having encountered basic functions and derivatives, which are crucial prerequisites for delving into limits. Their previous exposure to mathematical functions and derivatives equips them with the necessary skills to explore the continuity aspect of the course. The student aims to achieve a deep comprehension of limits to enhance their ability to solve complex problems, particularly in real-world projects that require rigorous application of these mathematical concepts. By the end of the course, the student hopes to seamlessly integrate their newfound knowledge into both academic pursuits and practical applications, solidifying their proficiency in mathematics.",這位學生是一位熱衷於專案導向學習的積極學習者，他們透過推導來理解數學概念的基本原理。在緊迫的時間表下，他們高度動機驅使自己快速掌握極限的定義和性質，以便在實際的專案中應用這些知識。這位學生重視邏輯解釋，並熱衷於剖析數學理論以理解其基本組成部分，這與他們對極限和連續性的興趣完美契合。  儘管學生的教育程度未明確指出，但顯然他們具備代數和微積分的基礎知識，曾接觸過基本函數和導數，這些都是深入研究極限的重要先決條件。他們之前對數學函數和導數的接觸為探索課程中的連續性方面提供了必要的技能。學生的目標是深入理解極限，以增強他們解決複雜問題的能力，特別是在需要嚴格應用這些數學概念的實際專案中。課程結束時，學生希望能夠將新學到的知識無縫整合到學術追求和實際應用中，鞏固他們在數學方面的熟練程度。,Topic: Limits and Continuity - Definition and properties of limits in various representations,Preferred Explanation Style: Derivation | Learning Motivation: Projects | Timeline Urgency: Urgent,knowledge point
Math,Topic: Limits and Continuity - Definition and properties of limits in various representations,主題：極限與連續性 - 各種表示法中極限的定義與性質,"The student is a working professional who has recently transitioned into a role that unexpectedly requires understanding mathematical concepts, particularly limits and continuity. Although their educational background is not in mathematics, they have a foundational understanding of basic algebra and arithmetic acquired during their school years, which they hope to expand upon. This student is seeking to grasp the fundamental principles of limits and continuity urgently, as their new job responsibilities demand immediate application of these concepts in analyzing data trends and creating predictive models. They learn at a slower pace, indicating a need for thorough, step-by-step instruction that allows them to digest and apply each concept before moving on. Their application-first preference suggests they will benefit from practical examples and real-world applications of limits and continuity that connect directly to their professional tasks. Through this course, the student aims to not only understand the theoretical aspects but also to confidently apply these mathematical principles to enhance their work efficiency and problem-solving capabilities.",這位學生是一位在職專業人士，最近轉換到一個意外需要理解數學概念的職位，特別是極限和連續性。儘管他們的教育背景並非數學專業，但在學校期間獲得了基本代數和算術的基礎知識，他們希望能夠進一步擴展這些知識。由於新工作職責要求立即應用這些概念來分析數據趨勢和創建預測模型，這位學生迫切希望掌握極限和連續性的基本原理。他們學習速度較慢，需要詳細的、逐步的指導，以便在進入下一個概念之前能夠消化和應用每一個概念。他們偏好應用為主的學習方式，這表明他們將從實際例子和與其專業任務直接相關的極限和連續性的現實應用中受益。通過這門課程，這位學生的目標不僅是理解理論方面，還希望能自信地應用這些數學原理，以提高工作效率和解決問題的能力。,Topic: Limits and Continuity - Definition and properties of limits in various representations,Education Level: Working professional without relevant background | Learning Pace: Slow | Timeline Urgency: Urgent | Depth Preference: Application-first,knowledge point
Math,"Topic: Differentiation: Composite, Implicit, and Inverse Functions - Implicit differentiation",主題：微分：複合、隱函數與反函數 - 隱函數微分,"The student is a senior high school learner with a methodical approach to studying, taking their time to fully grasp concepts at a slower pace yet maintaining a high level of focus. They prefer to understand subjects through practical examples, which helps them connect theoretical principles to real-world applications. Their education thus far has equipped them with foundational knowledge in calculus, having already explored the basics of differentiation, including first principles and simple derivatives of polynomial functions. This student is eager to delve deeper into the nuances of differentiation, specifically focusing on composite, implicit, and inverse functions, as outlined in the course.   Their goal is to master implicit differentiation, a skill critical for tackling complex problems in advanced calculus and other scientific fields. By learning how to differentiate more intricate functions, the student aims to enhance their analytical skills, paving the way for future academic pursuits in STEM disciplines. With a principles-first approach, they are motivated to understand the underlying theories that govern these mathematical processes, ensuring a comprehensive grasp that extends beyond mere rote learning. This course will provide them with the opportunity to bridge their existing knowledge with new, sophisticated techniques, ultimately building a robust mathematical foundation.",這位學生是一名高年級高中生，學習方法有條不紊，雖然以較慢的速度來完全掌握概念，但仍能保持高度的專注力。他們喜歡通過實際例子來理解學科，這有助於他們將理論原則與現實應用聯繫起來。迄今為止，他們的教育已經為他們提供了微積分的基礎知識，已經探索過微分的基礎，包括基本原理和多項式函數的簡單導數。這位學生渴望深入研究微分的細微差別，特別是專注於合成函數、隱函數和反函數，這些都是課程中所涵蓋的內容。  他們的目標是掌握隱微分，這是一項在高等微積分和其他科學領域中解決複雜問題的關鍵技能。通過學習如何微分更複雜的函數，學生希望增強自己的分析能力，為未來在STEM學科中的學術追求鋪平道路。以原理為先的學習方式，他們有動力去理解這些數學過程背後的基本理論，確保能夠超越單純的死記硬背，獲得全面的理解。這門課程將為他們提供機會，將現有的知識與新的複雜技術相結合，最終建立起堅實的數學基礎。,"Topic: Differentiation: Composite, Implicit, and Inverse Functions - Implicit differentiation",Education Level: Senior high school | Learning Pace: Slow | Preferred Explanation Style: Examples | Focus Level: High | Timeline Urgency: Relaxed | Depth Preference: Principles-first,knowledge point
Math,"Topic: Differentiation: Composite, Implicit, and Inverse Functions - Implicit differentiation",主題：微分：複合、隱函數與反函數 - 隱函數微分,"This student is driven by a passion for applying mathematical concepts to real-world projects, seeking to deepen their understanding of advanced calculus topics. With a relaxed timeline, they are keen to explore the intricacies of implicit differentiation, drawn by the challenge of tackling complex problems that require a nuanced understanding of calculus. Their prior education has equipped them with a solid foundation in basic differentiation and calculus principles, including an understanding of limits, derivatives, and the chain rule. This foundational knowledge allows them to navigate more complex topics like implicit differentiation, which they see as a critical tool for analyzing dynamic systems and multifaceted functions.   By enrolling in this course, the student hopes to enhance their ability to solve real-world problems that involve composite functions and those that cannot be easily rearranged into explicit forms. They are particularly interested in how implicit differentiation can be applied to fields such as physics and engineering, where understanding the relationship between variables is essential for project development and innovation. Ultimately, they aim to integrate these advanced mathematical techniques into future projects, leveraging their understanding to create more sophisticated and efficient solutions.",這位學生對將數學概念應用於現實世界的項目充滿熱情，並渴望加深對高等微積分主題的理解。在寬鬆的時間安排下，他們熱衷於探索隱式微分的複雜性，因為這些挑戰需要對微積分有細緻的理解。他們之前的教育為他們打下了堅實的基礎，掌握了基本的微分和微積分原理，包括對極限、導數和鏈式法則的理解。這些基礎知識使他們能夠駕馭更複雜的主題，如隱式微分，並將其視為分析動態系統和多層次函數的關鍵工具。  通過參加這門課程，學生希望提高解決涉及複合函數和那些無法輕易重組為顯式形式的現實問題的能力。他們特別感興趣的是隱式微分如何應用於物理和工程等領域，在這些領域中，理解變量之間的關係對於項目開發和創新至關重要。最終，他們的目標是將這些高等數學技術整合到未來的項目中，利用他們的理解來創造更複雜和高效的解決方案。,"Topic: Differentiation: Composite, Implicit, and Inverse Functions - Implicit differentiation",Learning Motivation: Projects | Timeline Urgency: Relaxed,knowledge point
Math,"Topic: Differentiation: Composite, Implicit, and Inverse Functions - Implicit differentiation",主題：微分：複合、隱函數與反函數 - 隱函數微分,"This student approaches learning with a calm yet focused demeanor, favoring a principles-first approach that aligns well with their inclination toward intuitive understanding. With a background likely rooted in foundational calculus, they possess a solid grasp of basic differentiation and are familiar with concepts such as the chain rule and simple implicit differentiation. Their previous studies have equipped them with the skills necessary to manipulate equations and understand the underlying principles of function behavior, which are critical for advancing in this course.   The student is keen to delve deeper into the nuances of differentiation, specifically looking to master the complexities of composite, implicit, and inverse functions. They are particularly interested in understanding the theoretical underpinnings that govern these mathematical processes, aiming to enhance their problem-solving capabilities and broaden their analytical toolkit. With a relaxed timeline, the student is not racing against the clock, allowing them to thoroughly explore the intricacies of implicit differentiation. Ultimately, they aspire to achieve a level of proficiency that will enable them to apply these advanced techniques confidently in both academic and real-world contexts.",這位學生以冷靜而專注的態度來學習，偏好以原則為先的方法，這與他們對直覺理解的傾向相符。由於可能有基礎微積分的背景，他們對基本的微分有扎實的掌握，並熟悉鏈式法則和簡單的隱式微分等概念。他們之前的學習使他們具備操控方程式和理解函數行為基本原理的能力，這對於在這門課程中進一步學習至關重要。  這位學生渴望深入研究微分的細微差別，特別是希望掌握複合函數、隱式函數和反函數的複雜性。他們對於理解這些數學過程背後的理論基礎特別感興趣，目的是提升自己的解題能力並拓寬分析工具箱。在時間上，他們並不急於求成，這讓他們能夠徹底探索隱式微分的複雜性。最終，他們希望達到一種熟練程度，使他們能夠自信地在學術和現實世界中應用這些高級技術。,"Topic: Differentiation: Composite, Implicit, and Inverse Functions - Implicit differentiation",Preferred Explanation Style: Intuition | Focus Level: High | Timeline Urgency: Relaxed | Depth Preference: Principles-first,knowledge point
Math,"Topic: Parametric Equations, Polar Coordinates, and Vector-Valued Functions - Calculating the accumulation of change in length over an interval using a definite integral",主題：參數方程式、極座標與向量函數 - 使用定積分計算區間內的長度變化累積,"The student is a curious and analytical individual with a strong foundational understanding of calculus, likely having completed coursework in differential and integral calculus. Their previous education has equipped them with the ability to handle complex mathematical concepts, and they are comfortable working with functions and derivatives. This student has developed a preference for learning through examples, as they find concrete applications of abstract theories particularly engaging and insightful.   Eager to deepen their understanding of advanced mathematical concepts, the student is drawn to this course on parametric equations, polar coordinates, and vector-valued functions. They are particularly interested in mastering the skill of calculating the accumulation of change in length over an interval using definite integrals, recognizing its significance in real-world applications such as physics and engineering. With a goal to refine their analytical skills, the student aims to confidently apply these mathematical techniques to solve complex problems that involve dynamic systems and changing quantities. Through this course, they hope to enhance their problem-solving toolkit, preparing them for future studies or professional challenges that demand a sophisticated grasp of advanced calculus topics.",這位學生是一位好奇且具分析能力的個體，對微積分有堅實的基礎理解，可能已完成微分和積分的課程。他們的先前教育使他們具備處理複雜數學概念的能力，並且對於函數和導數的運算感到得心應手。這位學生偏好通過範例學習，因為他們發現抽象理論的具體應用特別引人入勝且富有啟發性。  渴望加深對高等數學概念的理解，這位學生被參數方程、極座標和向量值函數的課程所吸引。他們特別有興趣掌握使用定積分計算區間內長度變化累積的技能，並認識到其在物理和工程等現實應用中的重要性。為了提升自己的分析能力，這位學生目標是自信地應用這些數學技術來解決涉及動態系統和變化量的複雜問題。通過這門課程，他們希望增強自己的問題解決工具箱，為未來的學習或需要對高等微積分主題有深刻理解的專業挑戰做好準備。,"Topic: Parametric Equations, Polar Coordinates, and Vector-Valued Functions - Calculating the accumulation of change in length over an interval using a definite integral",Preferred Explanation Style: Examples,knowledge point
Math,"Topic: Parametric Equations, Polar Coordinates, and Vector-Valued Functions - Calculating the accumulation of change in length over an interval using a definite integral",主題：參數方程式、極座標與向量函數 - 使用定積分計算區間內的長度變化累積,"This student approaches learning with a slow and steady pace, preferring intuitive explanations that connect new concepts to familiar ideas. Despite having a low focus level, the student feels an urgent need to master the course material on parametric equations, polar coordinates, and vector-valued functions. This urgency likely stems from an immediate academic requirement or a pressing personal goal. The student has foundational knowledge in calculus, including basic differentiation and integration techniques, which are crucial for understanding definite integrals. However, the student may struggle with maintaining concentration over extended study periods, necessitating frequent breaks and a focus on engaging, relatable examples. From this course, the student hopes to gain a more intuitive grasp of how to calculate the accumulation of change in length over an interval, using definite integrals, and aims to apply this understanding in both academic and real-world contexts. By the end of the course, the student seeks to confidently solve problems involving these mathematical concepts, enhancing both their analytical skills and academic performance.",這位學生以緩慢而穩定的步伐進行學習，偏好將新概念與熟悉的想法連接起來的直觀解釋。儘管專注力較低，學生感到迫切需要掌握參數方程、極座標和向量值函數的課程內容。這種緊迫感可能源於即時的學術需求或緊迫的個人目標。學生具備微積分的基礎知識，包括基本的微分和積分技巧，這對於理解定積分至關重要。然而，學生可能在長時間學習期間難以保持專注，因此需要頻繁休息，並專注於吸引人且易於理解的例子。通過這門課程，學生希望能更直觀地掌握如何使用定積分計算在一個區間內長度變化的累積，並計劃將這種理解應用於學術和現實世界中。到課程結束時，學生希望能自信地解決涉及這些數學概念的問題，從而提升其分析能力和學術表現。,"Topic: Parametric Equations, Polar Coordinates, and Vector-Valued Functions - Calculating the accumulation of change in length over an interval using a definite integral",Learning Pace: Slow | Preferred Explanation Style: Intuition | Focus Level: Low | Timeline Urgency: Urgent,knowledge point
Math,"Topic: Parametric Equations, Polar Coordinates, and Vector-Valued Functions - Calculating the accumulation of change in length over an interval using a definite integral",主題：參數方程式、極座標與向量函數 - 使用定積分計算區間內的長度變化累積,"The student is a working professional who, despite not having a relevant background in mathematics, is eager to expand their skill set to enhance job opportunities. They are motivated by the competitive job market and seek to gain a mathematical edge that could be pivotal in their career transition. With a fast learning pace, this student thrives on practical, example-based explanations, which help them connect abstract concepts to real-world applications. Although their focus level is medium, they are determined to grasp the essentials of parametric equations, polar coordinates, and vector-valued functions to apply these concepts effectively.  Having a general understanding of high school-level algebra and geometry, the student is familiar with basic mathematical operations and functions but lacks experience in advanced calculus topics. They are particularly interested in mastering the use of definite integrals to calculate the accumulation of change in length over an interval, a skill that could be valuable in data analysis or engineering roles. By completing this course, the student hopes to bridge the gap between their existing knowledge and the mathematical proficiency required for more technical positions, ultimately enhancing their employability in a math-centric job market.",這位學生是一名在職專業人士，儘管沒有數學相關背景，但渴望擴展技能以提升就業機會。他們受到競爭激烈的就業市場激勵，希望獲得數學優勢，這可能在職業轉型中發揮關鍵作用。這位學生學習速度快，喜歡實用的、基於範例的解釋，這有助於他們將抽象概念與現實應用聯繫起來。儘管專注程度中等，他們決心掌握參數方程、極座標和向量值函數的基本知識，以便有效應用這些概念。  學生對高中水平的代數和幾何有一般了解，熟悉基本的數學運算和函數，但缺乏高等微積分的經驗。他們特別有興趣掌握使用定積分來計算區間內長度變化累積的技巧，這項技能在數據分析或工程職位中可能非常有價值。通過完成這門課程，學生希望能彌合現有知識與技術職位所需數學能力之間的差距，最終在以數學為中心的就業市場中提高其就業能力。,"Topic: Parametric Equations, Polar Coordinates, and Vector-Valued Functions - Calculating the accumulation of change in length over an interval using a definite integral",Education Level: Working professional without relevant background | Learning Pace: Fast | Preferred Explanation Style: Examples | Learning Motivation: Job hunting | Focus Level: Medium,knowledge point
Physics,Topic: Force and Translational Dynamics - Newton's Third Law,主題：力與平移力學 - 牛頓第三定律,"The student is an ambitious university learner with a strong foundation in physics, having completed introductory courses in classical mechanics and calculus. This student learns at a fast pace and thrives in environments that challenge their analytical skills and problem-solving abilities. With a keen interest in understanding the fundamental principles that govern motion, the student is eager to delve deeper into Newton's Third Law and its applications in force and translational dynamics. They are particularly driven to refine their understanding of action-reaction pairs and how these principles manifest in complex physical systems.  Prior to enrolling in this course, the student has demonstrated proficiency in applying basic kinematic equations and has a solid grasp of Newton's first and second laws, which form the basis for exploring more advanced topics. They are familiar with vector mathematics, an essential skill for analyzing forces in multiple dimensions. The student hopes to achieve a comprehensive understanding of how forces interact in dynamic systems and to apply this knowledge practically in future coursework and research projects. By mastering Newton's Third Law in this course, they aim to enhance their analytical toolkit, preparing for advanced studies or a career in physics or engineering.",這位學生是一名雄心勃勃的大學學習者，擁有扎實的物理基礎，已完成古典力學和微積分的入門課程。這名學生學習速度快，並在能夠挑戰其分析能力和解決問題能力的環境中表現出色。對於理解支配運動的基本原理有著濃厚的興趣，該學生渴望深入研究牛頓第三定律及其在力和平移動力學中的應用。他們特別希望進一步完善對作用-反作用對的理解，以及這些原理如何在複雜物理系統中展現。  在選修這門課程之前，該學生已展示出運用基本運動學方程的熟練程度，並對牛頓第一和第二定律有著堅實的掌握，這些定律是探索更高級主題的基礎。他們熟悉向量數學，這是分析多維度力的基本技能。該學生希望能全面理解力在動態系統中的相互作用，並將此知識實際應用於未來的課程和研究項目中。通過在這門課程中掌握牛頓第三定律，他們旨在提升自己的分析工具，為進階學習或物理或工程領域的職業生涯做好準備。,Topic: Force and Translational Dynamics - Newton's Third Law,Education Level: University | Learning Pace: Fast,knowledge point
Physics,Topic: Force and Translational Dynamics - Newton's Third Law,主題：力與平移力學 - 牛頓第三定律,"This student approaches their studies with a methodical and deliberate pace, which aligns well with their relaxed timeline urgency. Their primary motivation for enrolling in the Physics course, ""Force and Translational Dynamics - Newton's Third Law,"" is to excel in upcoming exams, suggesting a strategic focus on understanding and applying key principles. Although their education level is unspecified, it is likely that they possess foundational knowledge in basic physics concepts such as force, mass, and acceleration, which are typically covered in earlier coursework or high school physics classes.  Given the course requirements, this student is likely familiar with Newton's First and Second Laws, understanding how forces affect motion and the linear relationship between force and acceleration. Their goal in this course is to deepen their comprehension of Newton's Third Law, particularly the concept of action-reaction pairs, and how it applies to real-world scenarios and exam problems. By building on their existing knowledge and focusing on practical applications and problem-solving, the student aims to achieve a solid grasp of dynamics to confidently tackle exam questions and enhance their overall understanding of physics.",這位學生以有條不紊且深思熟慮的步調來進行學習，這與他們較為寬鬆的時間緊迫性相符。他們選修物理課程「力與平移動力學 - 牛頓第三定律」的主要動機是為了在即將到來的考試中表現優異，這表明他們有策略地專注於理解和應用關鍵原則。雖然他們的教育程度未明，但很可能已具備基本物理概念的基礎知識，如力、質量和加速度，這些通常在較早的課程或高中物理課中涵蓋。  考慮到課程要求，這位學生可能已熟悉牛頓第一和第二定律，了解力如何影響運動以及力與加速度之間的線性關係。他們在這門課程中的目標是加深對牛頓第三定律的理解，特別是作用-反作用力對的概念，以及如何將其應用於現實世界的情境和考試問題。通過在現有知識基礎上進一步學習，並專注於實際應用和問題解決，這位學生旨在掌握動力學，以自信地應對考試問題並增強對物理的整體理解。,Topic: Force and Translational Dynamics - Newton's Third Law,Learning Pace: Slow | Learning Motivation: Exams | Timeline Urgency: Relaxed,knowledge point
Physics,Topic: Force and Translational Dynamics - Newton's Third Law,主題：力與平移力學 - 牛頓第三定律,"The student is a fast-paced learner with a keen interest in understanding the fundamental principles that govern physical phenomena. With an affinity for derivation-based explanations, this student enjoys dissecting complex concepts into their foundational components, which aligns perfectly with the analytical nature of physics. Although the student's specific education level is not detailed, it can be inferred that they have a solid grounding in basic physics principles, having previously explored concepts like inertia, acceleration, and vector addition in introductory physics courses. This foundational knowledge equips them with the necessary skills to delve into the intricacies of Newton's Third Law as part of the course on Force and Translational Dynamics.  Eager to deepen their understanding of how forces interact in the physical world, the student aims to master the subtleties of action-reaction pairs and their implications in dynamic systems. By the end of the course, they hope to apply these principles to solve real-world problems, enhancing their analytical abilities in both academic and practical contexts. Their fast learning pace and preference for detailed derivations suggest that they are well-prepared to tackle complex equations and scenarios, making them an ideal candidate for this physics course.",這位學生是一位學習速度快的學習者，對理解支配物理現象的基本原理有著濃厚的興趣。由於偏好基於推導的解釋，這位學生喜歡將複雜的概念分解為其基礎組成部分，這與物理學的分析特性完美契合。雖然學生的具體教育程度沒有詳細說明，但可以推斷他們在基本物理原理方面有扎實的基礎，曾在入門物理課程中探索過慣性、加速度和向量加法等概念。這些基礎知識使他們具備必要的技能，能夠深入研究作為力與平動動力學課程一部分的牛頓第三定律的複雜性。  渴望加深對物理世界中力如何相互作用的理解，這位學生目標是掌握作用-反作用對及其在動態系統中的影響的微妙之處。到課程結束時，他們希望能夠應用這些原理來解決現實世界的問題，增強他們在學術和實際環境中的分析能力。他們快速的學習速度和對詳細推導的偏好表明，他們已做好準備迎接複雜的方程和情境，使他們成為這門物理課程的理想人選。,Topic: Force and Translational Dynamics - Newton's Third Law,Learning Pace: Fast | Preferred Explanation Style: Derivation,knowledge point
Physics,Topic: Electric Circuits - Kirchhoff’s Loop Rule,主題：電路 - 克希荷夫迴路規則,"The student is a senior high school learner with a keen interest in deepening their understanding of physics, particularly through the lens of research papers. As someone who gravitates towards foundational concepts, this student is eager to explore the principles underlying electric circuits, with a specific focus on mastering Kirchhoff’s Loop Rule. Their current education level has equipped them with a solid grasp of basic physics concepts, including Ohm’s Law, series and parallel circuits, and foundational algebra skills necessary for circuit analysis. The student is motivated by the prospect of incorporating their newfound knowledge into comprehensive research projects, aiming to produce insightful and well-supported papers. They hope to achieve a thorough comprehension of how Kirchhoff’s Loop Rule can be applied to analyze complex electrical networks, ultimately enabling them to confidently tackle advanced physics problems and potentially pursue further studies in electrical engineering.",這位學生是一名高中高年級的學習者，對於加深物理學的理解，尤其是透過研究論文的視角，抱有濃厚的興趣。作為一個傾向於基礎概念的人，這位學生渴望探索電路的基本原理，特別專注於掌握基爾霍夫迴路定律。他們目前的教育水平使他們對基本物理概念有了堅實的掌握，包括歐姆定律、串聯和並聯電路，以及電路分析所需的基礎代數技能。這位學生受到將新知識融入綜合研究項目的前景所激勵，目標是撰寫見解深刻且有理有據的論文。他們希望能夠徹底理解如何應用基爾霍夫迴路定律來分析複雜的電網，最終使他們能夠自信地解決高級物理問題，並有可能進一步攻讀電機工程學。,Topic: Electric Circuits - Kirchhoff’s Loop Rule,Education Level: Senior high school | Learning Motivation: Research papers | Timeline Urgency: Normal | Depth Preference: Principles-first,knowledge point
Physics,Topic: Electric Circuits - Kirchhoff’s Loop Rule,主題：電路 - 克希荷夫迴路規則,"The student comes from a background where hands-on projects are the primary motivation for learning, suggesting a practical and experiential approach to education. Their learning journey has been characterized by a slower pace and a relaxed timeline, allowing them to delve deeply into topics without the pressure of deadlines. This student is driven by the tangible outcomes of their learning, often engaging with tasks that culminate in concrete projects. However, maintaining focus can be a challenge, indicating that they benefit from structured guidance and clear, step-by-step instructions.  In their pursuit of understanding electric circuits, particularly Kirchhoff’s Loop Rule, the student seeks to enhance their ability to analyze and construct more complex electrical systems. They may already have a foundational grasp of basic circuit components such as resistors, capacitors, and batteries, as well as a rudimentary understanding of Ohm’s Law. Their prior learning might include simple circuit assembly and voltage-current relationships, equipping them with the basic skills necessary to approach more advanced concepts. Through this course, the student hopes to achieve a comprehensive understanding of how to apply Kirchhoff's Loop Rule to solve real-world circuit problems, ultimately enabling them to tackle more sophisticated project-based applications in physics or engineering.",這位學生來自一個以實作專案為主要學習動力的背景，這表明他們對教育採取實際和體驗式的方法。他們的學習旅程以較慢的步調和輕鬆的時間表為特徵，讓他們能夠深入探索主題，而不必承受截止日期的壓力。這位學生受到學習的具體成果所驅動，經常參與以具體專案為結尾的任務。然而，保持專注對他們來說是一個挑戰，這表明他們需要結構化的指導和清晰的、逐步的指示。  在追求理解電路，特別是基爾霍夫迴路定律的過程中，這位學生希望提高他們分析和構建更複雜電氣系統的能力。他們可能已經對基本電路元件如電阻器、電容器和電池有了基礎的掌握，並對歐姆定律有初步的理解。他們之前的學習可能包括簡單的電路組裝和電壓-電流關係，這使他們具備了接觸更高級概念所需的基本技能。通過這門課程，這位學生希望能夠全面理解如何應用基爾霍夫迴路定律來解決現實世界的電路問題，最終使他們能夠應對物理或工程中更複雜的專案應用。,Topic: Electric Circuits - Kirchhoff’s Loop Rule,Learning Pace: Slow | Learning Motivation: Projects | Focus Level: Low | Timeline Urgency: Relaxed,knowledge point
Physics,Topic: Electric Circuits - Kirchhoff’s Loop Rule,主題：電路 - 克希荷夫迴路規則,"This student is an elementary school learner who approaches new subjects with a methodical and deliberate pace. Coming from a background where curiosity is nurtured, this student has developed a foundational understanding of basic science concepts, such as simple circuits involving batteries, wires, and bulbs, often encountered in elementary science classes. The student's motivation to engage with this course stems from an imaginative aspiration to understand how things work, possibly inspired by the idea of one day contributing to innovative technologies like those used in jobs they dream about.   In taking the ""Electric Circuits - Kirchhoff’s Loop Rule"" course, this student is eager to deepen their comprehension of how electric circuits function on a more complex level. Although they might initially struggle with the abstract principles of Kirchhoff’s rules, their prior experience with hands-on circuit activities provides a stepping stone for understanding how and why currents and voltages function in a loop. The student hopes to achieve a solid grasp of these concepts, which will not only enhance their scientific knowledge but also fuel their imagination about future career possibilities in fields like engineering or technology. Ultimately, they aim to bridge the gap between rudimentary circuit design and the more intricate workings of electrical systems, dreaming of a time when this knowledge can be applied to real-world innovations.",這位學生是一名小學生，以有條不紊且慎重的步伐來學習新科目。來自一個鼓勵好奇心的背景，這位學生已經建立了對基本科學概念的基礎理解，例如在小學科學課堂中經常遇到的涉及電池、電線和燈泡的簡單電路。這位學生參加這門課程的動機源於一種富有想像力的願望，希望理解事物的運作方式，這可能受到他們夢想中的工作所使用的創新技術的啟發。  在參加「電路學 - 基爾霍夫迴路定律」課程時，這位學生渴望加深對電路如何在更複雜層面上運作的理解。儘管他們可能會在一開始對基爾霍夫定律的抽象原則感到困難，但他們之前的動手電路活動經驗為理解電流和電壓在迴路中如何及為何運作提供了基礎。這位學生希望能夠牢固掌握這些概念，這不僅會增強他們的科學知識，還會激發他們對未來在工程或技術領域的職業可能性的想像。最終，他們的目標是縮小基本電路設計與電氣系統更複雜運作之間的差距，夢想著有一天能將這些知識應用於現實世界的創新中。,Topic: Electric Circuits - Kirchhoff’s Loop Rule,Education Level: Elementary school | Learning Pace: Slow | Learning Motivation: Job hunting,knowledge point
